X,Y,Z,Name,24,EasyPay
24.0350976,49.8418114,0,вул.Підвальна,,"вул.Руська, 18, вул.Галицька, 19, вул.Підвальна, 9/2"
24.0299007,49.8441927,0,вул.Гавришкевича,"пл. Д.Галицького, 10/3 вул. Краківська ,30","вул. Гавришкевича, 2, вул. Лесі Українки, 11 (маг. ""Рукавичка"")"
24.0306216,49.8391168,0,пл.Міцкевича,,"пл.Міцкевича, 5"
24.0291036,49.8443361,0,пл. Князя Ярослава Осмомисла,"пл. Князя Осмомисла, 10 ( у магазині ""МТА"")","вул. Стара, 1"
24.0328861,49.835725,0,вул. Білозіра ,"вул. Кн. Романа, 9 (у магазині ""Близенько"")","вул. Князя Романа, 5"
24.0248378,49.8452178,0,вул.Вагова,"вул. Куліша, 9 (у магазині ""Близенько"")","вул. Куліша, 5, пр. Чорновола, 7(зуп. ""Готель Львів"")"
24.036373,49.8421651,0,вул.Винниченка,,"вул. Винниченка, 22 (біля Порохової вежі)"
24.031134,49.836438,0,вул.Волошина,"пр. Шевченка, 8 (у магазині ""Київстар""), пр. Шевченка, 10 (у закладі ""Пузата хата"")","пр. Шевченка, 18 (маг. ""Рукавичка""), пр. Шевченка, 14"
24.0205019,49.8417444,0,вул.Гребінки,"вул. Лепкого, 11","вул. Городоцька, 25 (маг. ""Напої світу""), вул. Городоцька, 37, 45"
24.0306189,49.8356972,0,вул.Григоровича,"вул. Дудаєва, 18 (у магазині ""Продукти"")","пр. Шевченка, 18 (маг. ""Рукавичка""), пр. Шевченка, 14"
24.0244834,49.8417631,0,вул.Гнатюка,,"вул. Гнатюка, 20"
24.0319578,49.8348979,0,вул.Грушевського,,"вул. Грушевського, 9, 7 (маг. ""Близенько"")"
24.0386817,49.8439301,0,вул. Гуцульська,,"вул. Винниченка, 22 (біля Порохової вежі)"
24.0393407,49.8390414,0,вул. Ігоря Дашка,"вул. Личаківська, 4/6 (у магазині ""Близенько"")вул. Пекарська, 11а (у магазині ""Hud Fud"")","вул. Пекарська, 26, вул. Личаківська, 7"
24.0314465,49.8348849,0,вул.Драгоманова,,"вул. Грушевського, 9, 7 (маг. ""Близенько"")"
24.0228989,49.8440776,0,вул. Д. Данилишина,,"вул. Шпитальна, 9"
24.0289141,49.8360644,0,вул.Дудаєва,"вул. Дудаєва, 18 (у магазині ""Продукти"")","вул. Скорика, 6"
24.0232407,49.8364623,0,вул. Коперника,"вул. Коперника,32 (у банку ""А-Банк""), вул. Коперника, 23а (у магазині ""Продукти"")","вул. Словацького, 4"
24.030252,49.8368749,0,вул.Ковжуна,,"вул. Скорика, 6"
24.0244638,49.8397183,0,вул.Костюшка,"вул. Костюшка, 6 (у магазині ""Свій маркет""), вул. Січ. Стрільців, 12 (у закладі ""Пузата Хата"")","вул. Січових Стрільців, 11, 12 (""Пузата Хата"")"
24.0334192,49.837284,0,вул.Князя Романа,"вул. Князя Романа, 9 (у магазині ""Близенько"")","вул. Князя Романа, 5 (дитяча бібліотека)"
24.0263583,49.8455604,0,вул.Лазнева,,"вул. Стара, 1"
24.0202651,49.8425182,0,вул.Лепкого,"вул. Лепкого, 11","вул. Городоцька 37, 45"
24.0367331,49.8430633,0,вул.Лисенка,,"вул. Винниченка, 22 (біля Порохової вежі)"
24.0308245,49.8379397,0,пл. Маланюка,,"вул. Скорика, 31, 6"
24.0221894,49.8419836,0,вул.Менцинського,,"вул. Городоцька, 25 (маг. ""Напої світу"")"
24.023434,49.8432926,0,вул.Наливайка,"вул. Наливайка, 20 (у магазині ""Близенько"")","вул. Городоцька, 25"
24.033395,49.8346525,0,вул.Саксаганського,"вул. І. Франка, 35 (у магазині ""Близенько"")","вул. Грушевського, 9, вул. Франка, 30 (трамвайна зупинка)"
24.0253216,49.8369839,0,вул.Стефаника,,"вул. Скорика, 31"
24.0335178,49.8354106,0,вул.Стецька,"вул. Кн. Романа, 9 (у магазині ""Близенько"")","вул. Кн.Романа, 5, вул. Грушевського, 9"
24.0279647,49.8360901,0,вул.Стефаника (від пер. Скорика до пер. вул. Дудаєва),"вул. Скорика, 31 (у магазині ""Рукавичка"")","вул. Скорика, 31"
24.0280956,49.8460835,0,вул.Сянська,,"вул. Стара, 1"
24.0290079,49.8372258,0,вул. Скорика,"вул. Скорика, 31 (у магазині ""Рукавичка"")","вул. Скорика, 31, 6"
24.0226587,49.8388219,0,вул.Словацького,"вул. Коперника, 32 (у банку ""А-Банк"")","вул. Словацького, 8"
24.0241894,49.8402714,0,вул.Січових Стрільців,"вул. Січових Стрільців, 12 (у закладі ""Пузата Хата"")","вул. Січових Стрільців, 12, 11"
24.0285441,49.8367042,0,вул.Томашівського,"вул. Дудаєва, 18 (у магазині ""Продукти"")","вул. Скорика, 31"
24.0336092,49.836568,0,вул.Фредра,"вул. Кн. Романа, 9 (у магазині ""Близенько"")","вул. Князя Романа, 5"
24.0370941,49.8379313,0,вул.Пекарська,"вул. Пекарська, 11-А ( у магазині ""Hud Fud"")","вул. Пекарська, 14 (маг. ""Близенько""), пл. Соборна, 12 (зупинка)"
24.0382373,49.8420296,0,вул.Просвіти,,"вул. Винниченка, 22 (біля Порохової вежі)"
24.0310749,49.8383119,0,просп.Шевченка,"пр. Шевченка, 8 (у магазині ""Київстар""), пр. Шевченка, 10 (у закладі ""Пузата хата"")","пр. Шевченка, 18 (маг. ""Рукавичка""), пр. Шевченка, 14"
24.0390818,49.840245,0,вул. Тараса Бобанича,,"вул. Личаківська, 7, 15 (магазин ""Рукавичка"")"
24.0216522,49.8371346,0,вул.Дорошенка,"вул. Дорошенка, 48 (у магазині ""Близенько)","вул. Дорошенка, 37 (маг. ""Рукавичка"")"
24.020276,49.8495823,0,вул.Джерельна,,"вул. Джерельна, 1,27,2Б"
24.0232634,49.8447421,0,вул.Шпитальна,"вул. Шпитальна, 9 (у магазині Копійочка), 11 (у магазині АТБ)","вул. Шпитальна, 13, 9"
24.0201359,49.8474887,0,вул.Крехівська,,"вул. Джерельна, 27"
24.0197226,49.844927,0,вул.Раппапорта,,"вул. Раппапорта, 5"
24.0189007,49.8415683,0,вул.Огієнка,"вул. І. Огієнка, 8 (у магазині ""Свій маркет)","вул. Городоцька, 37, 45"
24.0370969,49.8356706,0,вул.К.Левицького,"вул. К. Левицького, 4 (у магазині ""Продукти""), вул. К.Левицького, 15 (у магазині ""Свій Маркет"")","вул. К.Левицького, 37"
24.0197468,49.8367358,0,вул.Крушельницької,,"вул. Дорошенка, 37 (маг. ""Рукавичка"")"
24.0250813,49.8504524,0,вул. Під Дубом,"вул. Під Дубом, 2 (у приміщенні ""А-Банк"")","вул. Під Дубом, 2А, 4А"
24.0177319,49.8371178,0,вул.Матейка,,"вул. Листопадового Чину, 11 (магазин ""Маркет""), Січових Стрільців, 16, 17, вул. Дорошенка, 37"
24.0228364,49.8455179,0,вул. Котлярська,"вул. Шпитальна, 9 (у магазині Копійочка), 11 (у магазині ""АТБ"")","вул. Шпитальна, 13, 9"
24.0144756,49.8340527,0,вул. Політехнічна,"вул. С. Бандери,25","вул. С. Бандери, 17"
24.0075493,49.8342375,0,вул. Русових,"вул. С. Бандери, 25","вул. С. Бандери, 71"
24.0026944,49.8365221,0,вул. Тобілевича,,"вул. Федьковича, 8, 26(маг. ""Близенько"")"
24.0469539,49.8361442,0,"вул.Пекарська (від вул. Тершаковців до вул. Мечникова), вул. Шімзерів","вул. Пекарська, 31 (у магазин ""Свій маркет"")","вул. Пекарська,33"
24.0151065,49.843129,0,вул. Шевченка,"вул. Шевченка, 42А (у магазині ""Близенько"")","вул. Шевченка, 24"
24.0144984,49.8346442,0,вул. Бандери,"вул. С. Бандери, 15, 25 (у магазині ""Свій маркет"") 29, 69 (у магазині ""Близенько"")","вул. С. Бандери, 17, 71"
24.02026,49.8448202,0,вул. Шолом-Алейхема,"вул. Шолом Алейхема, 1 (у магазині ""Воля"")","вул. Городоцька, 37"
24.0114878,49.8353193,0,вул. Старосольських,,"вул. Листопадового Чину, 11"
24.0128827,49.8352869,0,вул. Архітекторська,,"вул. Листопадового Чину, 11, вул. С.Бандери, 17"
24.0020627,49.834833,0,вул. Федьковича,,"Федьковича, 6, Федьковича, 26 (маг. ""Близенько"")"
24.0210607,49.8451733,0,вул. Д. Гусяк,,"вул. Шпитальна, 9, 13, 30"
24.009504,49.8330907,0,вул. Київська,"вул. Глибока, 20 (у магазині ""Близенько"")","вул. Коперника, 43, вул. Вербицького, 6"
24.0163568,49.8327768,0,вул. Нечуя-Левицького,,"вул. Нечуя-Левицького, 7"
24.0189115,49.8334678,0,вул.Коперника (від. перехрестя з вул. Вербицького до вул. Грабовського),,"вул. Коперника, 43, вул. Вербицького, 6"
24.0012772,49.8358233,0,вул. Горської,"вул. Городоцька, 151 (біля магазину ""Взуття від виробника"")","вул. Федьковича, 26 (маг. ""Близенько""), вул. Горської, 9"
24.0024808,49.8346675,0,пл. Берестейської Унії,,"вул. Федьковича, 26 (маг. ""Близенько""), пл. Липнева, 9"
24.0165472,49.8383688,0,вул. Листопадового Чину,,"вул. Листопадового Чину, 11 (маг. ""Маркет"")"
24.017833,49.8338377,0,вул. Вербицького,,"вул. Коперника, 43, вул. Вербицького, 6"
24.0411141,49.8333906,0,вул. Вагилевича,"вул. Зелена,28 (у магазині ""Свій маркет"")","вул. Зелена, 26"
24.0109304,49.8340656,0,вул. Єфремова,,"вул. Коновальця, 7"
24.0091786,49.8343641,0,вул. Коновальця,,"вул. Коновальця, 7"
24.0182626,49.8342812,0,вул. Ірини Калинець,,"вул. Вербицького, 6"
24.0420872,49.8387488,0,вул. Патріарха Димитрія Яреми,"вул. Пекарська, 31 (у магазині ""Свій маркет"")","вул. Патріарха Димитрія Яреми, 12, 2 (у магазині ""Близенько"")"
24.0296725,49.8469085,0,вул. Пильникарська,"вул. Богдана Хмельницького, 12 (на зупинці)","вул. Богдана Хмельницького, 17"
24.0299238,49.8300665,0,вул. Коцюбинського,"вул. І.Франка,69 (у магазині ""Близенько"")","вул. І. Франка, 66"
24.030769,49.8321414,0,вул. Кирила і Мефодія,,"вул. Грушевського, 9, 7 (маг. ""Близенько"")"
24.0400195,49.8334716,0,вул. Дороша,,"вул. Зелена, 29, вул. Левицького,37"
24.0385446,49.8373536,0,вул. Туган-Барановського,"вул. Пекарська, 11а (у магазині ""Hud Fud""), вул. Тершаковців,1 9 у магазині ""Рукавичка"")","вул. Пекарська, 26"
24.0271171,49.8471964,0,пл. Святого Теодора,,"пл. Святого Теодора, 11"
24.0259277,49.8291776,0,вул. Зарицьких,"вул. Зарицьких, 5 (у магазині ""Близенько"")","навпроти вул. Зарицьких, 18"
24.0446132,49.8278603,0,вул. Водогінна,,"вул. Зелена, 77а"
24.0197165,49.8411069,0,вул. Щепкіна,"вул. Лепкого, 11, вул. Огієнка, 8 (у магазині ""Свій маркет)","вул. Городоцька, 37, 51"
24.0304201,49.8294652,0,вул. Генерала М. Арсенича,"вул. Зарицьких, 5 (у магазині ""Близенько"")","навпроти вул. Зарицьких, 18, вул. І. Франка, 79"
24.0500607,49.8382456,0,вул. Юрія Руфа,,"вул. Юрія Руфа, 4, 19 (магазин ""Маркет Економ"")"
24.0345771,49.8321469,0,вул. М.Костомарова,"вул. Костомарова 1-3 (пекарня ""Ваш Лаваш""), вул. І.Франка, 35 (у магазині ""Близенько"")","вул. Шота Руставелі, 4, вул. Шота Руставелі, 4 (магазин ""Сім23"")"
24.0197545,49.8440255,0,вул.Академіка Р.Кучера,"вул. Шолом Алейхема, 1 (у магазині ""Воля"")","вул. Городоцька, 37"
24.0159639,49.8466561,0,вул. Клепарівська,,"вул. Клепарівська, 16 (біля входу в Краківський ринок)"
24.0468496,49.8297553,0,вул. Студентська,,"вул. Зелена,56, 77 (тролейбусна зупинка)"
24.045224,49.8311189,0,вул. Дніпровська,,"вул. Зелена,56, 77 (тролейбусна зупинка)"
24.0175785,49.8404285,0,вул. Гоголя,,"вул. Городоцька, 67"
24.0316212,49.830454,0,вул. І. Франка,"вул. І.Франка, 69 (у магазині ""Близенько"")","І.Франка,66 (зупинка гр.тра-ту)"
24.0255765,49.8488074,0,вул. Ак. Люльки,,"вул. Куліша,34,43"
24.0173475,49.8367481,0,вул. І. Вакарчука,,"вул. Листопадового Чину, 11 (магазин ""Маркет"")"
24.0468113,49.8307175,0,вул. Володимира Івасюка,"вул. К. Левицького, 37","вул. Зелена, 56, 77 (тролейбусна зупинка)"
24.0116036,49.8334102,0,вул. Японська,,"вул. Коновальця,7"
24.0144032,49.8332718,0,вул.І Богуна,,"вул. А.Сахарова,8 (у супермаркеті ""Близенько"")"
24.0132819,49.8342625,0,"вул. Глибока, 2","вул. Глибока, 20 (у магазині ""Близенько"") вул. С. Бандери, 29","вул. Бандери, 29"
24.0115997,49.8384103,0,вул. Озаркевича,,"вул. Городоцька, 50; вул. Листопадового Чину, 11 (маг. ""Маркет"")"
24.0414109,49.8358163,0,вул. Тершаковців,"вул. Тершаковців, 1","вул. Пекарська, 33, вул. К.Левицького, 37,вул. Тершаковців,1"
24.0306417,49.8308332,0,вул. Є.Гладишевського,"вул. І.Франка,69 (у магазині ""Близенько"")","вул. І. Франка, 66"
24.0163554,49.8442785,0,вул. Вільна,"вул. Шевченка, 14","вул. Шевченка, 12, вул. Клепарівська, 16 (біля входу у Краківський ринок)"
24.0125931,49.8336059,0,вул. Новий Світ,"вул. Степана Бандери, 29 (у магазині ""Близенько"")","вул. Київська,5"
24.0360074,49.8265389,0,вул. Снопківська,,"вул. Шота Руставеллі,40 ( у магазині ""Рукавичка"")"
24.0316427,49.8313889,0,вул. Кобилянської,,"вул. І. Франка, 66"
24.0161287,49.8362993,0,вул. Устияновича,,"вул. С. Бандери, 17"
24.0293932,49.8292133,0,вул. Турецька,,навпроти буд.18 на вул. Зарицьких
24.0184489,49.8368704,0,вул. Ірини Фаріон,,"вул. Дорошенка, 37 (у маг. ""Рукавичка""), вул. Листопадового Чину, 11"
24.0488148,49.8400837,0,вул. Кармалюка,,
24.075217,49.8357368,0,вул. Личаківська,,
24.0075638,49.8377055,0,вул. Меретина,,
24.0577201,49.795281,0,просп. Червоної Калини,,"<br>- пр.Червоної Калини,61,"
24.0501915,49.7982502,0,просп. Червоної Калини,,"<br>- пр.Червоної Калини, 36 (біля аптеки Пульс), - пр.Червоної Калини, 54 (вхід у торговий центр GREAT)"
24.0405609,49.8727169,0,"вул. Гетьмана Мазепи, 25а",,"<br>- вул. Гетьмана Мазепи, 25 Д (у маркеті Сім23)"
24.0067772,49.8394358,0,вул. Сембратовичів,,
24.0051389,49.8484102,0,вул. Михайла Яцкова,,"вул. Шевченка,80 (у магаз. ""Близенько"")"
24.0065834,49.8316632,0,вул. Єфремова,,"вул. Коновальця,50,"
24.0031656,49.8488002,0,вул. Турянського,,"вул. Шевченка,49, вул. Шевченка,51"
24.028365,49.8538099,0,вул. Замарстинівська,"Замарстинівська, 43 (супермаркет ""Рукавичка""), вул. Замарстинівська, 55 (магазин ""Близенько"")","вул. Замарстинівська,43 (супермаркет ""Рукавичка""), вул. Замарстинівська, 79 ( у приміщенні медичного протезно ортопедичного центру)"
24.0104917,49.8325523,0,вул. Здоров'я,"вул. Глибока, 20 ( у магазині ""Близенько"")","вул. Київська,5"
24.0268136,49.8509631,0,вул. Долинського,,"вул. Замарстинівська,36 (біля магазину ""Овації"")"
24.0239991,49.8540139,0,вул. Хімічна,"Замарстинівська, 43 (супермаркет ""Рукавичка"")","вул.Хімічна,22 (біля аптеки ""Знахар""), Замарстинівська,43 (супермаркет ""Рукавичка"")"
24.0042899,49.8382797,0,вул. Братів Міхновських,"вул. Братів Міхновських, 23 (у магазині ""Близенько""), вул. Шараневича, 1 (магазин ""Наш маркет"")","вул.Городоцька,94;Вул. Городоцька,92"
24.0200619,49.8590775,0,"просп.Чорновола, 65",,"пр. Чорновола 67А, пр. Чорновола, 14 (АЗК ""ОККО""), вул. Окуневського, 3"
24.0220075,49.8552175,0,"просп. В. Чорновола, 45",,"пр. В. Чорновола,45, пр. Чорновола, 16І (вхід у Гіпермаркет ""Ашан"")"
24.0331602,49.8739881,0,вул. Пилипа Орлика,,"вул. Гетьмана Мазепи, 11а"
23.9952144,49.8387433,0,пл. Двірцева,<br>Чернівецька 17 (у магазині Близенько),"Чернівецька,13 (у магазині ""Продукти Кулінарія""),Чернівецька 17 (біля ""Близенько"")"
